frame_index,timestamp,signal,trial
0,1761933337.9365256,pretrial,-1
1,1761933337.9866054,pretrial,-1
2,1761933338.0365095,pretrial,-1
3,1761933338.0865023,pretrial,-1
4,1761933338.136494,pretrial,-1
5,1761933338.1864924,pretrial,-1
6,1761933338.2374773,pretrial,-1
7,1761933338.2864697,pretrial,-1
8,1761933338.3374622,pretrial,-1
9,1761933338.3865051,pretrial,-1
10,1761933338.437744,pretrial,-1
11,1761933338.4887369,pretrial,-1
12,1761933338.5387356,pretrial,-1
13,1761933338.5897188,pretrial,-1
14,1761933338.6557078,pretrial,-1
15,1761933338.7057004,pretrial,-1
16,1761933338.754719,pretrial,-1
17,1761933338.8056855,pretrial,-1
18,1761933338.8547068,pretrial,-1
19,1761933338.9057024,pretrial,-1
20,1761933338.9556875,pretrial,-1
21,1761933339.005652,pretrial,-1
22,1761933339.0556455,pretrial,-1
23,1761933339.103666,pretrial,-1
24,1761933339.1576288,pretrial,-1
25,1761933339.2056508,pretrial,-1
26,1761933339.254612,pretrial,-1
27,1761933339.3046052,pretrial,-1
28,1761933339.355596,pretrial,-1
29,1761933339.4046843,pretrial,-1
30,1761933339.4556215,pretrial,-1
31,1761933339.5057724,pretrial,-1
32,1761933339.5547945,pretrial,-1
33,1761933339.605786,pretrial,-1
34,1761933339.6707766,pretrial,-1
35,1761933339.7207375,pretrial,-1
36,1761933339.7717295,pretrial,-1
37,1761933339.8217216,pretrial,-1
38,1761933339.873715,pretrial,-1
39,1761933339.9217057,pretrial,-1
40,1761933339.9716983,pretrial,-1
41,1761933340.0217216,pretrial,-1
42,1761933340.0706816,pretrial,-1
43,1761933340.121704,pretrial,-1
44,1761933340.1716654,pretrial,-1
45,1761933340.221657,pretrial,-1
46,1761933340.2716508,pretrial,-1
47,1761933340.3206422,pretrial,-1
48,1761933340.3706634,pretrial,-1
49,1761933340.420657,pretrial,-1
50,1761933340.4717796,pretrial,-1
51,1761933340.5227156,pretrial,-1
52,1761933340.574707,pretrial,-1
53,1761933340.6217003,pretrial,-1
54,1761933340.6886902,pretrial,-1
55,1761933340.736681,pretrial,-1
56,1761933340.7906728,pretrial,-1
57,1761933340.8366666,pretrial,-1
58,1761933340.8886569,pretrial,-1
59,1761933340.93765,pretrial,-1
60,1761933340.9886491,pretrial,-1
61,1761933341.0366333,pretrial,-1
62,1761933341.0886257,pretrial,-1
63,1761933341.136618,pretrial,-1
64,1761933341.1886091,pretrial,-1
65,1761933341.2386024,pretrial,-1
66,1761933341.2885926,pretrial,-1
67,1761933341.3375857,pretrial,-1
68,1761933341.3886266,pretrial,-1
69,1761933341.4365685,pretrial,-1
70,1761933341.4885604,pretrial,-1
71,1761933341.5555496,pretrial,-1
72,1761933341.6055424,pretrial,-1
73,1761933341.6575341,pretrial,-1
74,1761933341.7055252,pretrial,-1
75,1761933341.755518,pretrial,-1
76,1761933341.8055103,pretrial,-1
77,1761933341.8555028,pretrial,-1
78,1761933341.9054935,pretrial,-1
79,1761933341.9564857,pretrial,-1
80,1761933342.0044775,pretrial,-1
81,1761933342.0534701,pretrial,-1
82,1761933342.1054916,pretrial,-1
83,1761933342.1544569,pretrial,-1
84,1761933342.2044528,pretrial,-1
85,1761933342.254522,pretrial,-1
86,1761933342.30543,pretrial,-1
87,1761933342.37142,pretrial,-1
88,1761933342.4214113,pretrial,-1
89,1761933342.4714024,pretrial,-1
90,1761933342.5213947,pretrial,-1
91,1761933342.5713868,pretrial,-1
92,1761933342.620379,pretrial,-1
93,1761933342.7743556,pretrial,-1
94,1761933342.8073494,pretrial,-1
95,1761933342.8553488,pretrial,-1
96,1761933342.9053397,pretrial,-1
97,1761933342.9383302,flash,0
98,1761933342.9893224,flash,0
99,1761933343.036362,flash,0
100,1761933343.0883102,flash,0
101,1761933343.136326,flash,0
102,1761933343.1932871,flash,0
103,1761933343.2372813,flash,0
104,1761933343.2862725,flash,0
105,1761933343.3362637,flash,0
106,1761933343.4052527,flash,0
107,1761933343.4602456,posttrial,0
108,1761933343.4963264,posttrial,0
109,1761933343.5362334,posttrial,0
110,1761933343.5882235,posttrial,0
111,1761933343.638216,posttrial,0
112,1761933343.6872082,posttrial,0
113,1761933343.7372,posttrial,0
114,1761933343.788194,posttrial,0
115,1761933343.8551812,posttrial,0
116,1761933343.9071732,posttrial,0
117,1761933343.9551644,posttrial,0
118,1761933344.0051568,posttrial,0
119,1761933344.0551493,posttrial,0
120,1761933344.1031425,posttrial,0
121,1761933344.155133,posttrial,0
122,1761933344.204598,posttrial,0
123,1761933344.2546203,posttrial,0
124,1761933344.3045807,posttrial,0
125,1761933344.3546033,posttrial,0
126,1761933344.408565,posttrial,0
127,1761933344.453557,posttrial,0
128,1761933344.5045493,posttrial,0
129,1761933344.5545409,posttrial,0
130,1761933344.6045334,posttrial,0
131,1761933344.6545255,posttrial,0
132,1761933344.7045252,posttrial,0
133,1761933344.752538,posttrial,0
134,1761933344.8205,posttrial,0
135,1761933344.8717275,posttrial,0
136,1761933344.921743,posttrial,0
137,1761933344.9717972,posttrial,0
138,1761933345.0206966,posttrial,0
139,1761933345.071689,posttrial,0
140,1761933345.1206825,posttrial,0
141,1761933345.1736727,posttrial,0
142,1761933345.221664,posttrial,0
143,1761933345.268657,posttrial,0
144,1761933345.3196492,posttrial,0
145,1761933345.3716407,posttrial,0
146,1761933345.4216332,posttrial,0
147,1761933345.4716246,posttrial,0
148,1761933345.5206165,posttrial,0
149,1761933345.5696092,posttrial,0
150,1761933345.6196024,posttrial,0
151,1761933345.6705928,posttrial,0
152,1761933345.736628,posttrial,0
153,1761933345.7876213,posttrial,0
154,1761933345.8365934,posttrial,0
155,1761933345.8885572,posttrial,0
156,1761933345.93655,posttrial,0
157,1761933345.9885416,posttrial,0
158,1761933346.0365336,posttrial,0
159,1761933346.085526,posttrial,0
160,1761933346.1375198,posttrial,0
161,1761933346.18751,posttrial,0
162,1761933346.2365015,posttrial,0
163,1761933346.287494,posttrial,0
164,1761933346.3364859,posttrial,0
165,1761933346.3894768,posttrial,0
166,1761933346.4374712,posttrial,0
167,1761933346.4874616,posttrial,0
168,1761933346.5344694,posttrial,0
169,1761933346.6044428,posttrial,0
170,1761933346.6524348,posttrial,0
171,1761933346.703428,posttrial,0
172,1761933346.7545068,posttrial,0
173,1761933346.804411,posttrial,0
174,1761933346.8524036,posttrial,0
175,1761933346.9013946,posttrial,0
176,1761933346.9543862,posttrial,0
177,1761933347.0043795,posttrial,0
178,1761933347.0543697,posttrial,0
179,1761933347.1053624,posttrial,0
180,1761933347.154354,posttrial,0
181,1761933347.2063475,posttrial,0
182,1761933347.2543387,posttrial,0
183,1761933347.30533,posttrial,0
184,1761933347.3573225,posttrial,0
185,1761933347.4043143,posttrial,0
186,1761933347.4713058,posttrial,0
187,1761933347.5252945,posttrial,0
188,1761933347.5712876,posttrial,0
189,1761933347.6202796,posttrial,0
190,1761933347.6692724,posttrial,0
191,1761933347.7232652,posttrial,0
192,1761933347.7712553,posttrial,0
193,1761933347.8312454,posttrial,0
194,1761933347.8712394,posttrial,0
195,1761933347.9212315,posttrial,0
196,1761933347.9732249,posttrial,0
197,1761933348.020215,posttrial,0
198,1761933348.068209,posttrial,0
199,1761933348.1211998,posttrial,0
200,1761933348.170191,posttrial,0
201,1761933348.2211838,posttrial,0
202,1761933348.288172,posttrial,0
203,1761933348.3361657,posttrial,0
204,1761933348.3882048,posttrial,0
205,1761933348.4372206,posttrial,0
206,1761933348.471191,flash,1
207,1761933348.5062196,flash,1
208,1761933348.5692015,flash,1
209,1761933348.6211913,flash,1
210,1761933348.671266,flash,1
211,1761933348.720844,flash,1
212,1761933348.7722893,flash,1
213,1761933348.8202806,flash,1
214,1761933348.870273,flash,1
215,1761933348.9222646,flash,1
216,1761933348.9562602,posttrial,1
217,1761933349.0042515,posttrial,1
218,1761933349.0602465,posttrial,1
219,1761933349.1202426,posttrial,1
220,1761933349.1712244,posttrial,1
221,1761933349.2192187,posttrial,1
222,1761933349.2742083,posttrial,1
223,1761933349.3212004,posttrial,1
224,1761933349.3701923,posttrial,1
225,1761933349.4201856,posttrial,1
226,1761933349.4711769,posttrial,1
227,1761933349.5211687,posttrial,1
228,1761933349.5701618,posttrial,1
229,1761933349.620153,posttrial,1
230,1761933349.6691449,posttrial,1
231,1761933349.7211366,posttrial,1
232,1761933349.7711284,posttrial,1
233,1761933349.8181207,posttrial,1
234,1761933349.8701134,posttrial,1
235,1761933349.9361026,posttrial,1
236,1761933349.9890933,posttrial,1
237,1761933350.036086,posttrial,1
238,1761933350.0850801,posttrial,1
239,1761933350.135078,posttrial,1
240,1761933350.1874716,posttrial,1
241,1761933350.235464,posttrial,1
242,1761933350.2874556,posttrial,1
243,1761933350.3354504,posttrial,1
244,1761933350.3874407,posttrial,1
245,1761933350.4354317,posttrial,1
246,1761933350.4884245,posttrial,1
247,1761933350.5344284,posttrial,1
248,1761933350.5874083,posttrial,1
249,1761933350.6356323,posttrial,1
250,1761933350.6935792,posttrial,1
251,1761933350.7355983,posttrial,1
252,1761933350.7845912,posttrial,1
253,1761933350.8345518,posttrial,1
254,1761933350.8856118,posttrial,1
255,1761933350.935552,posttrial,1
256,1761933350.986594,posttrial,1
257,1761933351.0535312,posttrial,1
258,1761933351.1035247,posttrial,1
259,1761933351.1535149,posttrial,1
260,1761933351.205507,posttrial,1
261,1761933351.2534988,posttrial,1
262,1761933351.3034923,posttrial,1
263,1761933351.3534837,posttrial,1
264,1761933351.4034753,posttrial,1
265,1761933351.454468,posttrial,1
266,1761933351.5034614,posttrial,1
267,1761933351.5554583,posttrial,1
268,1761933351.6034427,posttrial,1
269,1761933351.6524353,posttrial,1
270,1761933351.7034268,posttrial,1
271,1761933351.7544186,posttrial,1
272,1761933351.803411,posttrial,1
273,1761933351.8704002,posttrial,1
274,1761933351.9213917,posttrial,1
275,1761933351.9713838,posttrial,1
276,1761933352.0193763,posttrial,1
277,1761933352.0693684,posttrial,1
278,1761933352.1203597,posttrial,1
279,1761933352.170352,posttrial,1
280,1761933352.229343,posttrial,1
281,1761933352.2703362,posttrial,1
282,1761933352.3203278,posttrial,1
283,1761933352.3723195,posttrial,1
284,1761933352.4183133,posttrial,1
285,1761933352.469305,posttrial,1
286,1761933352.5202956,posttrial,1
287,1761933352.570288,posttrial,1
288,1761933352.6202793,posttrial,1
289,1761933352.6872692,posttrial,1
290,1761933352.7352629,posttrial,1
291,1761933352.7882528,posttrial,1
292,1761933352.8352451,posttrial,1
293,1761933352.885237,posttrial,1
294,1761933352.9352293,posttrial,1
295,1761933352.9872212,posttrial,1
296,1761933353.0352132,posttrial,1
297,1761933353.0872936,posttrial,1
298,1761933353.1351972,posttrial,1
299,1761933353.1851916,posttrial,1
300,1761933353.234184,posttrial,1
301,1761933353.2852046,posttrial,1
302,1761933353.3351655,posttrial,1
303,1761933353.3861573,posttrial,1
304,1761933353.4351501,posttrial,1
305,1761933353.4871418,posttrial,1
306,1761933353.5351326,posttrial,1
307,1761933353.6031232,posttrial,1
308,1761933353.6531155,posttrial,1
309,1761933353.7001157,posttrial,1
310,1761933353.7540982,posttrial,1
311,1761933353.8030899,posttrial,1
312,1761933353.8530836,posttrial,1
313,1761933353.9030743,posttrial,1
314,1761933353.9540665,posttrial,1
315,1761933353.98806,flash,2
316,1761933354.0370524,flash,2
317,1761933354.0850463,flash,2
318,1761933354.1350372,flash,2
319,1761933354.1870282,flash,2
320,1761933354.2350206,flash,2
321,1761933354.2870126,flash,2
322,1761933354.3350053,flash,2
323,1761933354.3909953,flash,2
324,1761933354.4349883,flash,2
325,1761933354.4859807,posttrial,2
326,1761933354.5349724,posttrial,2
327,1761933354.5869656,posttrial,2
328,1761933354.6349564,posttrial,2
329,1761933354.6869495,posttrial,2
330,1761933354.7349408,posttrial,2
331,1761933354.786935,posttrial,2
332,1761933354.8349254,posttrial,2
333,1761933354.8869157,posttrial,2
334,1761933354.9349084,posttrial,2
335,1761933354.9869008,posttrial,2
336,1761933355.0348923,posttrial,2
337,1761933355.0868852,posttrial,2
338,1761933355.1348774,posttrial,2
339,1761933355.1868677,posttrial,2
340,1761933355.2368615,posttrial,2
341,1761933355.284853,posttrial,2
342,1761933355.3348448,posttrial,2
343,1761933355.3858366,posttrial,2
344,1761933355.433828,posttrial,2
345,1761933355.5028183,posttrial,2
346,1761933355.5528092,posttrial,2
347,1761933355.6078012,posttrial,2
348,1761933355.651793,posttrial,2
349,1761933355.7037873,posttrial,2
350,1761933355.751778,posttrial,2
351,1761933355.8027697,posttrial,2
352,1761933355.8517623,posttrial,2
353,1761933355.902755,posttrial,2
354,1761933355.954748,posttrial,2
355,1761933356.0027375,posttrial,2
356,1761933356.053729,posttrial,2
357,1761933356.102772,posttrial,2
358,1761933356.1527603,posttrial,2
359,1761933356.2027047,posttrial,2
360,1761933356.2546968,posttrial,2
361,1761933356.3026886,posttrial,2
362,1761933356.3546815,posttrial,2
363,1761933356.4196703,posttrial,2
364,1761933356.468662,posttrial,2
365,1761933356.5196538,posttrial,2
366,1761933356.5696461,posttrial,2
367,1761933356.6286364,posttrial,2
368,1761933356.6696308,posttrial,2
369,1761933356.7196229,posttrial,2
370,1761933356.7696147,posttrial,2
371,1761933356.819606,posttrial,2
372,1761933356.868599,posttrial,2
373,1761933356.9195895,posttrial,2
374,1761933356.9695816,posttrial,2
375,1761933357.0205753,posttrial,2
376,1761933357.0695717,posttrial,2
377,1761933357.1185675,posttrial,2
378,1761933357.1686041,posttrial,2
379,1761933357.2345393,posttrial,2
380,1761933357.2845325,posttrial,2
381,1761933357.3345237,posttrial,2
382,1761933357.3865159,posttrial,2
383,1761933357.4345088,posttrial,2
384,1761933357.4865017,posttrial,2
385,1761933357.534492,posttrial,2
386,1761933357.5881057,posttrial,2
387,1761933357.6340973,posttrial,2
388,1761933357.6860893,posttrial,2
389,1761933357.7350814,posttrial,2
390,1761933357.7870743,posttrial,2
391,1761933357.834066,posttrial,2
392,1761933357.8860574,posttrial,2
393,1761933357.9370492,posttrial,2
394,1761933357.9870422,posttrial,2
395,1761933358.034034,posttrial,2
396,1761933358.0990226,posttrial,2
397,1761933358.1530142,posttrial,2
398,1761933358.203007,posttrial,2
399,1761933358.2529979,posttrial,2
400,1761933358.3029912,posttrial,2
401,1761933358.3529828,posttrial,2
402,1761933358.4029746,posttrial,2
403,1761933358.453966,posttrial,2
404,1761933358.502958,posttrial,2
405,1761933358.5539503,posttrial,2
406,1761933358.602943,posttrial,2
407,1761933358.6529353,posttrial,2
408,1761933358.7029262,posttrial,2
409,1761933358.7549183,posttrial,2
410,1761933358.8029096,posttrial,2
411,1761933358.851902,posttrial,2
412,1761933358.9028938,posttrial,2
413,1761933358.9688835,posttrial,2
414,1761933359.0188758,posttrial,2
415,1761933359.071867,posttrial,2
416,1761933359.1188629,posttrial,2
417,1761933359.16887,posttrial,2
418,1761933359.2198436,posttrial,2
419,1761933359.2678354,posttrial,2
420,1761933359.3198276,posttrial,2
421,1761933359.3698204,posttrial,2
422,1761933359.4188123,posttrial,2
423,1761933359.4688041,posttrial,2
424,1761933359.4878,flash,3
425,1761933359.533793,flash,3
426,1761933359.5867856,flash,3
427,1761933359.650775,flash,3
428,1761933359.7027662,flash,3
429,1761933359.7527575,flash,3
430,1761933359.8027496,flash,3
431,1761933359.8527415,flash,3
432,1761933359.9027345,flash,3
433,1761933359.9528136,flash,3
434,1761933359.9857504,posttrial,3
435,1761933360.0337124,posttrial,3
436,1761933360.1027014,posttrial,3
437,1761933360.1536937,posttrial,3
438,1761933360.2026918,posttrial,3
439,1761933360.2526789,posttrial,3
440,1761933360.302669,posttrial,3
441,1761933360.3536615,posttrial,3
442,1761933360.406653,posttrial,3
443,1761933360.4516451,posttrial,3
444,1761933360.4996376,posttrial,3
445,1761933360.5506299,posttrial,3
446,1761933360.6026218,posttrial,3
447,1761933360.6526134,posttrial,3
448,1761933360.702605,posttrial,3
449,1761933360.752597,posttrial,3
450,1761933360.8025892,posttrial,3
451,1761933360.8525813,posttrial,3
452,1761933360.9195707,posttrial,3
453,1761933360.9695635,posttrial,3
454,1761933361.0185637,posttrial,3
455,1761933361.068547,posttrial,3
456,1761933361.119538,posttrial,3
457,1761933361.1715305,posttrial,3
458,1761933361.2175221,posttrial,3
459,1761933361.2695138,posttrial,3
460,1761933361.319506,posttrial,3
461,1761933361.3674984,posttrial,3
462,1761933361.4194899,posttrial,3
463,1761933361.4684832,posttrial,3
464,1761933361.5184925,posttrial,3
465,1761933361.5684671,posttrial,3
466,1761933361.617458,posttrial,3
467,1761933361.6694508,posttrial,3
468,1761933361.716444,posttrial,3
469,1761933361.7854307,posttrial,3
470,1761933361.8334234,posttrial,3
471,1761933361.885415,posttrial,3
472,1761933361.9334083,posttrial,3
473,1761933361.9854004,posttrial,3
474,1761933362.035391,posttrial,3
475,1761933362.085383,posttrial,3
476,1761933362.1333756,posttrial,3
477,1761933362.1853683,posttrial,3
478,1761933362.232361,posttrial,3
479,1761933362.2853587,posttrial,3
480,1761933362.335344,posttrial,3
481,1761933362.3854237,posttrial,3
482,1761933362.4323585,posttrial,3
483,1761933362.484319,posttrial,3
484,1761933362.5343115,posttrial,3
485,1761933362.5853336,posttrial,3
486,1761933362.633295,posttrial,3
487,1761933362.6852863,posttrial,3
488,1761933362.7542772,posttrial,3
489,1761933362.802269,posttrial,3
490,1761933362.8532596,posttrial,3
491,1761933362.902252,posttrial,3
492,1761933362.9522438,posttrial,3
493,1761933363.0022357,posttrial,3
494,1761933363.0592284,posttrial,3
495,1761933363.1022198,posttrial,3
496,1761933363.1542118,posttrial,3
497,1761933363.2022038,posttrial,3
498,1761933363.2511957,posttrial,3
499,1761933363.3041892,posttrial,3
500,1761933363.3522127,posttrial,3
501,1761933363.4021714,posttrial,3
502,1761933363.452165,posttrial,3
503,1761933363.502157,posttrial,3
504,1761933363.569146,posttrial,3
505,1761933363.6191382,posttrial,3
506,1761933363.6691294,posttrial,3
507,1761933363.7191277,posttrial,3
508,1761933363.7701144,posttrial,3
509,1761933363.8181062,posttrial,3
510,1761933363.8670974,posttrial,3
511,1761933363.9190888,posttrial,3
512,1761933363.9680817,posttrial,3
513,1761933364.0170732,posttrial,3
514,1761933364.0690644,posttrial,3
515,1761933364.1190567,posttrial,3
516,1761933364.1690493,posttrial,3
517,1761933364.2190404,posttrial,3
518,1761933364.2680333,posttrial,3
519,1761933364.3190243,posttrial,3
520,1761933364.3680167,posttrial,3
521,1761933364.4170086,posttrial,3
522,1761933364.4680023,posttrial,3
523,1761933364.5329902,posttrial,3
524,1761933364.584982,posttrial,3
525,1761933364.6339748,posttrial,3
526,1761933364.6849663,posttrial,3
527,1761933364.7339585,posttrial,3
528,1761933364.7849505,posttrial,3
529,1761933364.8339431,posttrial,3
530,1761933364.8849337,posttrial,3
531,1761933364.932926,posttrial,3
532,1761933364.9849174,posttrial,3
533,1761933365.0029147,flash,4
534,1761933365.051908,flash,4
535,1761933365.1178966,flash,4
536,1761933365.1688888,flash,4
537,1761933365.21888,flash,4
538,1761933365.2678723,flash,4
539,1761933365.3188639,flash,4
540,1761933365.368856,flash,4
541,1761933365.418849,flash,4
542,1761933365.469841,flash,4
543,1761933365.5025563,posttrial,4
544,1761933365.568575,posttrial,4
545,1761933365.6166782,posttrial,4
546,1761933365.667851,posttrial,4
547,1761933365.7178662,posttrial,4
548,1761933365.7688687,posttrial,4
549,1761933365.8178926,posttrial,4
550,1761933365.8680139,posttrial,4
551,1761933365.9179661,posttrial,4
552,1761933365.9689822,posttrial,4
553,1761933366.0169442,posttrial,4
554,1761933366.066936,posttrial,4
555,1761933366.1204321,posttrial,4
556,1761933366.169934,posttrial,4
557,1761933366.217927,posttrial,4
558,1761933366.2689176,posttrial,4
559,1761933366.3179097,posttrial,4
560,1761933366.366903,posttrial,4
561,1761933366.4178946,posttrial,4
562,1761933366.466886,posttrial,4
563,1761933366.5178776,posttrial,4
564,1761933366.5678701,posttrial,4
565,1761933366.620862,posttrial,4
566,1761933366.6678545,posttrial,4
567,1761933366.7178457,posttrial,4
568,1761933366.7848349,posttrial,4
569,1761933366.8328269,posttrial,4
570,1761933366.8878186,posttrial,4
571,1761933366.9348106,posttrial,4
572,1761933366.9848027,posttrial,4
573,1761933367.0327961,posttrial,4
574,1761933367.0848427,posttrial,4
575,1761933367.13378,posttrial,4
576,1761933367.1897697,posttrial,4
577,1761933367.2327628,posttrial,4
578,1761933367.282755,posttrial,4
579,1761933367.3327482,posttrial,4
580,1761933367.38474,posttrial,4
581,1761933367.432731,posttrial,4
582,1761933367.4847229,posttrial,4
583,1761933367.5327153,posttrial,4
584,1761933367.5867062,posttrial,4
585,1761933367.6346993,posttrial,4
586,1761933367.703689,posttrial,4
587,1761933367.7517118,posttrial,4
588,1761933367.8016791,posttrial,4
589,1761933367.851671,posttrial,4
590,1761933367.8996558,posttrial,4
591,1761933367.9516473,posttrial,4
592,1761933368.0016398,posttrial,4
593,1761933368.0516315,posttrial,4
594,1761933368.1016235,posttrial,4
595,1761933368.1496165,posttrial,4
596,1761933368.2016087,posttrial,4
597,1761933368.2515996,posttrial,4
598,1761933368.3015924,posttrial,4
599,1761933368.351584,posttrial,4
600,1761933368.4015768,posttrial,4
601,1761933368.450569,posttrial,4
602,1761933368.5015676,posttrial,4
603,1761933368.5685499,posttrial,4
604,1761933368.6195505,posttrial,4
605,1761933368.6685627,posttrial,4
606,1761933368.7185245,posttrial,4
607,1761933368.7675164,posttrial,4
608,1761933368.8175097,posttrial,4
609,1761933368.8655112,posttrial,4
610,1761933368.9184926,posttrial,4
611,1761933368.9684844,posttrial,4
612,1761933369.0194764,posttrial,4
613,1761933369.0684683,posttrial,4
614,1761933369.117461,posttrial,4
615,1761933369.1704519,posttrial,4
616,1761933369.219445,posttrial,4
617,1761933369.2664375,posttrial,4
618,1761933369.3194282,posttrial,4
619,1761933369.3684208,posttrial,4
620,1761933369.419412,posttrial,4
621,1761933369.4844027,posttrial,4
622,1761933369.5323946,posttrial,4
623,1761933369.5843859,posttrial,4
624,1761933369.6323776,posttrial,4
625,1761933369.683371,posttrial,4
626,1761933369.7323618,posttrial,4
627,1761933369.7843542,posttrial,4
628,1761933369.8333473,posttrial,4
629,1761933369.888338,posttrial,4
630,1761933369.9323294,posttrial,4
631,1761933369.9853222,posttrial,4
632,1761933370.0323143,posttrial,4
633,1761933370.0833068,posttrial,4
634,1761933370.1342976,posttrial,4
635,1761933370.18529,posttrial,4
636,1761933370.231282,posttrial,4
637,1761933370.2842739,posttrial,4
638,1761933370.3532636,posttrial,4
639,1761933370.3992558,posttrial,4
640,1761933370.4532468,posttrial,4
641,1761933370.4992394,posttrial,4
642,1761933370.518236,flash,5
643,1761933370.5682287,flash,5
644,1761933370.6192203,flash,5
645,1761933370.6672118,flash,5
646,1761933370.7322028,flash,5
647,1761933370.7831943,flash,5
648,1761933370.8341918,flash,5
649,1761933370.884177,flash,5
650,1761933370.9321704,flash,5
651,1761933370.9851613,flash,5
652,1761933371.0181553,posttrial,5
653,1761933371.0651486,posttrial,5
654,1761933371.1191394,posttrial,5
655,1761933371.1671314,posttrial,5
656,1761933371.2321224,posttrial,5
657,1761933371.2831135,posttrial,5
658,1761933371.3321054,posttrial,5
659,1761933371.3840973,posttrial,5
660,1761933371.433089,posttrial,5
661,1761933371.4840815,posttrial,5
662,1761933371.5330734,posttrial,5
663,1761933371.5860643,posttrial,5
664,1761933371.6320565,posttrial,5
665,1761933371.6840484,posttrial,5
666,1761933371.7340426,posttrial,5
667,1761933371.7840335,posttrial,5
668,1761933371.8310328,posttrial,5
669,1761933371.8830185,posttrial,5
670,1761933371.9370086,posttrial,5
671,1761933371.9840028,posttrial,5
672,1761933372.050991,posttrial,5
673,1761933372.1019905,posttrial,5
674,1761933372.1509821,posttrial,5
675,1761933372.2009668,posttrial,5
676,1761933372.2509584,posttrial,5
677,1761933372.30295,posttrial,5
678,1761933372.3509412,posttrial,5
679,1761933372.400934,posttrial,5
680,1761933372.448929,posttrial,5
681,1761933372.5008848,posttrial,5
682,1761933372.550884,posttrial,5
683,1761933372.60087,posttrial,5
684,1761933372.65086,posttrial,5
685,1761933372.6988535,posttrial,5
686,1761933372.7578447,posttrial,5
687,1761933372.800836,posttrial,5
688,1761933372.8498316,posttrial,5
689,1761933372.9008203,posttrial,5
690,1761933372.9678092,posttrial,5
691,1761933373.0258002,posttrial,5
692,1761933373.0677936,posttrial,5
693,1761933373.117785,posttrial,5
694,1761933373.1677773,posttrial,5
695,1761933373.2167695,posttrial,5
696,1761933373.268761,posttrial,5
697,1761933373.3167534,posttrial,5
698,1761933373.367745,posttrial,5
699,1761933373.4167373,posttrial,5
700,1761933373.4677298,posttrial,5
701,1761933373.5167215,posttrial,5
702,1761933373.568713,posttrial,5
703,1761933373.616705,posttrial,5
704,1761933373.6666973,posttrial,5
705,1761933373.7196898,posttrial,5
706,1761933373.7666814,posttrial,5
707,1761933373.832671,posttrial,5
708,1761933373.8836622,posttrial,5
709,1761933373.9316554,posttrial,5
710,1761933373.9836466,posttrial,5
711,1761933374.0336387,posttrial,5
712,1761933374.0826304,posttrial,5
713,1761933374.1316223,posttrial,5
714,1761933374.1846147,posttrial,5
715,1761933374.2316065,posttrial,5
716,1761933374.2835994,posttrial,5
717,1761933374.3315904,posttrial,5
718,1761933374.3835828,posttrial,5
719,1761933374.432576,posttrial,5
720,1761933374.4835975,posttrial,5
721,1761933374.5335581,posttrial,5
722,1761933374.5835497,posttrial,5
723,1761933374.6505432,posttrial,5
724,1761933374.7015448,posttrial,5
725,1761933374.749524,posttrial,5
726,1761933374.803515,posttrial,5
727,1761933374.850507,posttrial,5
728,1761933374.9014988,posttrial,5
729,1761933374.951492,posttrial,5
730,1761933375.0004845,posttrial,5
731,1761933375.0504746,posttrial,5
732,1761933375.1024675,posttrial,5
733,1761933375.1504588,posttrial,5
734,1761933375.2014508,posttrial,5
735,1761933375.2524426,posttrial,5
736,1761933375.3004348,posttrial,5
737,1761933375.3494267,posttrial,5
738,1761933375.399419,posttrial,5
739,1761933375.450411,posttrial,5
740,1761933375.5183997,posttrial,5
741,1761933375.567392,posttrial,5
742,1761933375.6163852,posttrial,5
743,1761933375.667376,posttrial,5
744,1761933375.7163682,posttrial,5
745,1761933375.7673602,posttrial,5
746,1761933375.8163533,posttrial,5
747,1761933375.867344,posttrial,5
748,1761933375.916337,posttrial,5
749,1761933375.967328,posttrial,5
750,1761933376.0173209,posttrial,5
751,1761933376.0333207,flash,6
752,1761933376.0843394,flash,6
753,1761933376.150387,flash,6
754,1761933376.1992905,flash,6
755,1761933376.2502825,flash,6
756,1761933376.3022747,flash,6
757,1761933376.3502665,flash,6
758,1761933376.400259,flash,6
759,1761933376.4502501,flash,6
760,1761933376.5012422,flash,6
761,1761933376.533238,posttrial,6
762,1761933376.6002269,posttrial,6
763,1761933376.6502185,posttrial,6
764,1761933376.6992104,posttrial,6
765,1761933376.7522027,posttrial,6
766,1761933376.8001943,posttrial,6
767,1761933376.8501866,posttrial,6
768,1761933376.900178,posttrial,6
769,1761933376.9501703,posttrial,6
770,1761933377.0001633,posttrial,6
771,1761933377.0501554,posttrial,6
772,1761933377.1001463,posttrial,6
773,1761933377.1501381,posttrial,6
774,1761933377.20013,posttrial,6
775,1761933377.2481651,posttrial,6
776,1761933377.3031137,posttrial,6
777,1761933377.3501055,posttrial,6
778,1761933377.4000978,posttrial,6
779,1761933377.4670875,posttrial,6
780,1761933377.5170796,posttrial,6
781,1761933377.5670714,posttrial,6
782,1761933377.6170628,posttrial,6
783,1761933377.6660554,posttrial,6
784,1761933377.7170467,posttrial,6
785,1761933377.7670395,posttrial,6
786,1761933377.8180308,posttrial,6
787,1761933377.8660235,posttrial,6
788,1761933377.9170275,posttrial,6
789,1761933377.9660146,posttrial,6
790,1761933378.016007,posttrial,6
791,1761933378.0669985,posttrial,6
792,1761933378.1169899,posttrial,6
793,1761933378.165982,posttrial,6
794,1761933378.2159753,posttrial,6
795,1761933378.2669666,posttrial,6
796,1761933378.3160453,posttrial,6
797,1761933378.3829477,posttrial,6
798,1761933378.43194,posttrial,6
799,1761933378.481932,posttrial,6
800,1761933378.531925,posttrial,6
801,1761933378.5829163,posttrial,6
802,1761933378.631908,posttrial,6
803,1761933378.6828992,posttrial,6
804,1761933378.7318933,posttrial,6
805,1761933378.782883,posttrial,6
806,1761933378.8348746,posttrial,6
807,1761933378.8828669,posttrial,6
808,1761933378.9318597,posttrial,6
809,1761933378.9828508,posttrial,6
810,1761933379.0348432,posttrial,6
811,1761933379.0828347,posttrial,6
812,1761933379.1308281,posttrial,6
813,1761933379.182819,posttrial,6
814,1761933379.249808,posttrial,6
815,1761933379.3008,posttrial,6
816,1761933379.349793,posttrial,6
817,1761933379.3997853,posttrial,6
818,1761933379.449776,posttrial,6
819,1761933379.5017684,posttrial,6
820,1761933379.549761,posttrial,6
821,1761933379.5997522,posttrial,6
822,1761933379.648744,posttrial,6
823,1761933379.6997359,posttrial,6
824,1761933379.7497294,posttrial,6
825,1761933379.7997208,posttrial,6
826,1761933379.849712,posttrial,6
827,1761933379.8997037,posttrial,6
828,1761933379.9496977,posttrial,6
829,1761933379.9996946,posttrial,6
830,1761933380.064678,posttrial,6
831,1761933380.1146693,posttrial,6
832,1761933380.1666622,posttrial,6
833,1761933380.2166536,posttrial,6
834,1761933380.2666447,posttrial,6
835,1761933380.3176365,posttrial,6
836,1761933380.3656297,posttrial,6
837,1761933380.4166222,posttrial,6
838,1761933380.464614,posttrial,6
839,1761933380.516605,posttrial,6
840,1761933380.5665977,posttrial,6
841,1761933380.6165895,posttrial,6
842,1761933380.6665812,posttrial,6
843,1761933380.715574,posttrial,6
844,1761933380.7645657,posttrial,6
845,1761933380.8155587,posttrial,6
846,1761933380.8655503,posttrial,6
847,1761933380.93054,posttrial,6
848,1761933380.9815338,posttrial,6
849,1761933381.0315235,posttrial,6
850,1761933381.084527,posttrial,6
851,1761933381.1315074,posttrial,6
852,1761933381.1815002,posttrial,6
853,1761933381.2314909,posttrial,6
854,1761933381.2804825,posttrial,6
855,1761933381.3314753,posttrial,6
856,1761933381.3824673,posttrial,6
857,1761933381.4314587,posttrial,6
858,1761933381.4824517,posttrial,6
859,1761933381.5324445,posttrial,6
860,1761933381.5564394,flash,7
861,1761933381.5994613,flash,7
862,1761933381.649423,flash,7
863,1761933381.717412,flash,7
864,1761933381.7664042,flash,7
865,1761933381.824395,flash,7
866,1761933381.866396,flash,7
867,1761933381.9163802,flash,7
868,1761933381.9663725,flash,7
869,1761933382.0153646,flash,7
870,1761933382.051359,posttrial,7
871,1761933382.1153555,posttrial,7
872,1761933382.1673403,posttrial,7
873,1761933382.215339,posttrial,7
874,1761933382.2663713,posttrial,7
875,1761933382.316316,posttrial,7
876,1761933382.364309,posttrial,7
877,1761933382.4192996,posttrial,7
878,1761933382.4662917,posttrial,7
879,1761933382.5152843,posttrial,7
880,1761933382.5642772,posttrial,7
881,1761933382.6172683,posttrial,7
882,1761933382.6662595,posttrial,7
883,1761933382.7162545,posttrial,7
884,1761933382.765244,posttrial,7
885,1761933382.8152359,posttrial,7
886,1761933382.8662288,posttrial,7
887,1761933382.9152277,posttrial,7
888,1761933382.9652119,posttrial,7
889,1761933383.024203,posttrial,7
890,1761933383.0821939,posttrial,7
891,1761933383.1331866,posttrial,7
892,1761933383.182177,posttrial,7
893,1761933383.2311692,posttrial,7
894,1761933383.282161,posttrial,7
895,1761933383.3311536,posttrial,7
896,1761933383.383146,posttrial,7
897,1761933383.4311385,posttrial,7
898,1761933383.4821293,posttrial,7
899,1761933383.5311224,posttrial,7
900,1761933383.5831134,posttrial,7
901,1761933383.6301064,posttrial,7
902,1761933383.680098,posttrial,7
903,1761933383.7300892,posttrial,7
904,1761933383.7820811,posttrial,7
905,1761933383.831074,posttrial,7
906,1761933383.8800676,posttrial,7
907,1761933383.9520838,posttrial,7
908,1761933383.999046,posttrial,7
909,1761933384.0500376,posttrial,7
910,1761933384.1000297,posttrial,7
911,1761933384.1510224,posttrial,7
912,1761933384.1990137,posttrial,7
913,1761933384.249007,posttrial,7
914,1761933384.298998,posttrial,7
915,1761933384.3489904,posttrial,7
916,1761933384.403981,posttrial,7
917,1761933384.4469745,posttrial,7
918,1761933384.496966,posttrial,7
919,1761933384.548958,posttrial,7
920,1761933384.59895,posttrial,7
921,1761933384.6489415,posttrial,7
922,1761933384.6999338,posttrial,7
923,1761933384.765924,posttrial,7
924,1761933384.8159153,posttrial,7
925,1761933384.863908,posttrial,7
926,1761933384.9139004,posttrial,7
927,1761933384.9798884,posttrial,7
928,1761933385.0158834,posttrial,7
929,1761933385.065887,posttrial,7
930,1761933385.1158667,posttrial,7
931,1761933385.1658585,posttrial,7
932,1761933385.2148511,posttrial,7
933,1761933385.2658424,posttrial,7
934,1761933385.3148353,posttrial,7
935,1761933385.3658273,posttrial,7
936,1761933385.4158232,posttrial,7
937,1761933385.4658983,posttrial,7
938,1761933385.515852,posttrial,7
939,1761933385.5658717,posttrial,7
940,1761933385.6148307,posttrial,7
941,1761933385.6638231,posttrial,7
942,1761933385.730813,posttrial,7
943,1761933385.7818053,posttrial,7
944,1761933385.830797,posttrial,7
945,1761933385.8827887,posttrial,7
946,1761933385.9307811,posttrial,7
947,1761933385.9807851,posttrial,7
948,1761933386.0298147,posttrial,7
949,1761933386.0817559,posttrial,7
950,1761933386.130751,posttrial,7
951,1761933386.1817398,posttrial,7
952,1761933386.230733,posttrial,7
953,1761933386.2817242,posttrial,7
954,1761933386.3327157,posttrial,7
955,1761933386.3817086,posttrial,7
956,1761933386.4307005,posttrial,7
957,1761933386.480693,posttrial,7
958,1761933386.5306845,posttrial,7
959,1761933386.5986738,posttrial,7
960,1761933386.6506658,posttrial,7
961,1761933386.698657,posttrial,7
962,1761933386.7546506,posttrial,7
963,1761933386.7996502,posttrial,7
964,1761933386.847633,posttrial,7
965,1761933386.8976254,posttrial,7
966,1761933386.9486184,posttrial,7
967,1761933386.9986086,posttrial,7
968,1761933387.0486007,posttrial,7
969,1761933387.065598,flash,8
970,1761933387.1155899,flash,8
971,1761933387.1665823,flash,8
972,1761933387.215574,flash,8
973,1761933387.282563,flash,8
974,1761933387.3305564,flash,8
975,1761933387.3815472,flash,8
976,1761933387.43054,flash,8
977,1761933387.483531,flash,8
978,1761933387.5305247,flash,8
979,1761933387.5675175,posttrial,8
980,1761933387.61451,posttrial,8
981,1761933387.6635036,posttrial,8
982,1761933387.730492,posttrial,8
983,1761933387.7824829,posttrial,8
984,1761933387.8304763,posttrial,8
985,1761933387.8824668,posttrial,8
986,1761933387.93046,posttrial,8
987,1761933387.984451,posttrial,8
988,1761933388.0304444,posttrial,8
989,1761933388.082435,posttrial,8
990,1761933388.130429,posttrial,8
991,1761933388.1814194,posttrial,8
992,1761933388.2304118,posttrial,8
993,1761933388.2874017,posttrial,8
994,1761933388.3293953,posttrial,8
995,1761933388.3823876,posttrial,8
996,1761933388.4303799,posttrial,8
997,1761933388.4813707,posttrial,8
998,1761933388.54836,posttrial,8
999,1761933388.598352,posttrial,8
1000,1761933388.6483445,posttrial,8
1001,1761933388.699425,posttrial,8
1002,1761933388.7483277,posttrial,8
1003,1761933388.7993197,posttrial,8
1004,1761933388.8483136,posttrial,8
1005,1761933388.8993037,posttrial,8
1006,1761933388.9482973,posttrial,8
1007,1761933388.9982889,posttrial,8
1008,1761933389.04628,posttrial,8
1009,1761933389.100272,posttrial,8
1010,1761933389.1482642,posttrial,8
1011,1761933389.198256,posttrial,8
1012,1761933389.247248,posttrial,8
1013,1761933389.29824,posttrial,8
1014,1761933389.3482318,posttrial,8
1015,1761933389.4152205,posttrial,8
1016,1761933389.465214,posttrial,8
1017,1761933389.515206,posttrial,8
1018,1761933389.5643895,posttrial,8
1019,1761933389.6133392,posttrial,8
1020,1761933389.6643326,posttrial,8
1021,1761933389.7133155,posttrial,8
1022,1761933389.7653067,posttrial,8
1023,1761933389.8142993,posttrial,8
1024,1761933389.865299,posttrial,8
1025,1761933389.913284,posttrial,8
1026,1761933389.9652748,posttrial,8
1027,1761933390.014355,posttrial,8
1028,1761933390.0642664,posttrial,8
1029,1761933390.1142504,posttrial,8
1030,1761933390.1652427,posttrial,8
1031,1761933390.215235,posttrial,8
1032,1761933390.2642484,posttrial,8
1033,1761933390.3122191,posttrial,8
1034,1761933390.3812077,posttrial,8
1035,1761933390.4302013,posttrial,8
1036,1761933390.4831927,posttrial,8
1037,1761933390.529184,posttrial,8
1038,1761933390.5811763,posttrial,8
1039,1761933390.6301694,posttrial,8
1040,1761933390.6801612,posttrial,8
1041,1761933390.7311532,posttrial,8
1042,1761933390.7831447,posttrial,8
1043,1761933390.8301363,posttrial,8
1044,1761933390.8821285,posttrial,8
1045,1761933390.929121,posttrial,8
1046,1761933390.981112,posttrial,8
1047,1761933391.0291038,posttrial,8
1048,1761933391.0810962,posttrial,8
1049,1761933391.1300883,posttrial,8
1050,1761933391.1980767,posttrial,8
1051,1761933391.2510684,posttrial,8
1052,1761933391.298061,posttrial,8
1053,1761933391.3480525,posttrial,8
1054,1761933391.3980467,posttrial,8
1055,1761933391.4480379,posttrial,8
1056,1761933391.498118,posttrial,8
1057,1761933391.5481083,posttrial,8
1058,1761933391.5970137,posttrial,8
1059,1761933391.6480045,posttrial,8
1060,1761933391.698997,posttrial,8
1061,1761933391.7479885,posttrial,8
1062,1761933391.7979817,posttrial,8
1063,1761933391.8479724,posttrial,8
1064,1761933391.8999653,posttrial,8
1065,1761933391.9479563,posttrial,8
1066,1761933391.9989486,posttrial,8
1067,1761933392.064938,posttrial,8
1068,1761933392.1139367,posttrial,8
1069,1761933392.1649218,posttrial,8
1070,1761933392.2129145,posttrial,8
1071,1761933392.2649066,posttrial,8
1072,1761933392.3148983,posttrial,8
1073,1761933392.3648899,posttrial,8
1074,1761933392.4138813,posttrial,8
1075,1761933392.464874,posttrial,8
1076,1761933392.5138655,posttrial,8
1077,1761933392.5648572,posttrial,8
1078,1761933392.619357,flash,9
1079,1761933392.6550448,flash,9
1080,1761933392.6992278,flash,9
1081,1761933392.748218,flash,9
1082,1761933392.7972116,flash,9
1083,1761933392.8482025,flash,9
1084,1761933392.9002438,flash,9
1085,1761933392.9482749,flash,9
1086,1761933392.9981778,flash,9
1087,1761933393.0491707,flash,9
1088,1761933393.0811675,posttrial,9
1089,1761933393.1311586,posttrial,9
1090,1761933393.1961572,posttrial,9
1091,1761933393.246146,posttrial,9
1092,1761933393.2971313,posttrial,9
1093,1761933393.3481226,posttrial,9
1094,1761933393.398115,posttrial,9
1095,1761933393.448106,posttrial,9
1096,1761933393.500098,posttrial,9
1097,1761933393.5480905,posttrial,9
1098,1761933393.5980816,posttrial,9
1099,1761933393.6470737,posttrial,9
1100,1761933393.6960669,posttrial,9
1101,1761933393.7480576,posttrial,9
1102,1761933393.7980502,posttrial,9
1103,1761933393.8480427,posttrial,9
1104,1761933393.897034,posttrial,9
1105,1761933393.9480264,posttrial,9
1106,1761933393.9980178,posttrial,9
1107,1761933394.0640073,posttrial,9
1108,1761933394.1139991,posttrial,9
1109,1761933394.1639912,posttrial,9
1110,1761933394.2139835,posttrial,9
1111,1761933394.263975,posttrial,9
1112,1761933394.3139668,posttrial,9
1113,1761933394.3639593,posttrial,9
1114,1761933394.4149506,posttrial,9
1115,1761933394.462943,posttrial,9
1116,1761933394.5139346,posttrial,9
1117,1761933394.5649276,posttrial,9
1118,1761933394.6139188,posttrial,9
1119,1761933394.6639113,posttrial,9
1120,1761933394.7149038,posttrial,9
1121,1761933394.7638958,posttrial,9
1122,1761933394.813888,posttrial,9
1123,1761933394.8638785,posttrial,9
1124,1761933394.9288683,posttrial,9
1125,1761933394.98086,posttrial,9
1126,1761933395.029853,posttrial,9
1127,1761933395.0828435,posttrial,9
1128,1761933395.1288369,posttrial,9
1129,1761933395.1808288,posttrial,9
1130,1761933395.2288208,posttrial,9
1131,1761933395.2828116,posttrial,9
1132,1761933395.3288045,posttrial,9
1133,1761933395.3807957,posttrial,9
1134,1761933395.4287884,posttrial,9
1135,1761933395.4847794,posttrial,9
1136,1761933395.5287724,posttrial,9
1137,1761933395.5797734,posttrial,9
1138,1761933395.6287587,posttrial,9
1139,1761933395.681748,posttrial,9
1140,1761933395.730739,posttrial,9
1141,1761933395.7957292,posttrial,9
1142,1761933395.8477225,posttrial,9
1143,1761933395.8977134,posttrial,9
1144,1761933395.9457116,posttrial,9
1145,1761933395.9966972,posttrial,9
1146,1761933396.0476885,posttrial,9
1147,1761933396.0996802,posttrial,9
1148,1761933396.1476731,posttrial,9
1149,1761933396.1956658,posttrial,9
1150,1761933396.2516582,posttrial,9
1151,1761933396.2976515,posttrial,9
1152,1761933396.3467293,posttrial,9
1153,1761933396.397633,posttrial,9
1154,1761933396.449624,posttrial,9
1155,1761933396.4976163,posttrial,9
1156,1761933396.5476096,posttrial,9
1157,1761933396.597638,posttrial,9
1158,1761933396.6475987,posttrial,9
1159,1761933396.697585,posttrial,9
1160,1761933396.7645748,posttrial,9
1161,1761933396.8135664,posttrial,9
1162,1761933396.8635576,posttrial,9
1163,1761933396.91355,posttrial,9
1164,1761933396.9635425,posttrial,9
1165,1761933397.0215335,posttrial,9
1166,1761933397.0635257,posttrial,9
1167,1761933397.1135175,posttrial,9
1168,1761933397.1635103,posttrial,9
1169,1761933397.2145016,posttrial,9
1170,1761933397.264494,posttrial,9
1171,1761933397.3134868,posttrial,9
1172,1761933397.3635283,posttrial,9
1173,1761933397.4144764,posttrial,9
1174,1761933397.4644623,posttrial,9
1175,1761933397.513453,posttrial,9
1176,1761933397.5654452,posttrial,9
1177,1761933397.6134377,posttrial,9
1178,1761933397.6804268,posttrial,9
1179,1761933397.7284193,posttrial,9
1180,1761933397.781411,posttrial,9
1181,1761933397.8284037,posttrial,9
1182,1761933397.8813953,posttrial,9
1183,1761933397.928388,posttrial,9
1184,1761933397.980379,posttrial,9
1185,1761933398.0303705,posttrial,9
1186,1761933398.0763643,posttrial,9
